Description,Department
Non-functional drinking water tap in park,Parks and Recreation
Road widening needed due to congestion,Road Maintenance
Bus stop lacks proper seating,Public Transportation
Damaged sewage pipeline requires urgent repair,Sewage
Auto-rickshaws overcharging passengers,Public Transportation
Power outage since last night,Electrical Department
Dead animal carcass needs removal,Sanitation
Lack of garbage bins in market area,Sanitation
Power outage since last night,Electrical Department
Tree branches touching live wires,Electrical Department
Water tanker delays in summer season,Water Supply
Damaged foot overbridge needs maintenance,Public Transportation
Lack of covered drainage near schools,Sewage
Damaged fencing in public playground,Parks and Recreation
Plastic waste choking drainage system,Sanitation
Bus stop lacks proper seating,Public Transportation
Unauthorized electrical connections detected,Electrical Department
Damaged fencing in public playground,Parks and Recreation
Short circuit risk in public park,Electrical Department
Crowded buses causing inconvenience,Public Transportation
Sewage water mixing with drinking water,Sewage
Transformer sparking near residential area,Electrical Department
Dead animal carcass needs removal,Sanitation
Plastic waste choking drainage system,Sanitation
Fountain in park not working,Parks and Recreation
Manhole cover missing on busy street,Road Maintenance
Train station escalator not working,Public Transportation
Garbage pileup causing foul smell,Sanitation
Illegal speed bumps causing accidents,Road Maintenance
Bus stop lacks proper seating,Public Transportation
Power outage since last night,Electrical Department
Low water pressure in residential colony,Water Supply
Overflowing public dustbin needs clearance,Sanitation
Train station escalator not working,Public Transportation
Illegal water connections reducing supply,Water Supply
Damaged foot overbridge needs maintenance,Public Transportation
Broken bus stop shelter needs repair,Public Transportation
No drinking water supply since morning,Water Supply
Plastic waste choking drainage system,Sanitation
Short circuit risk in public park,Electrical Department
Overgrown weeds in public park,Parks and Recreation
Dead animal carcass needs removal,Sanitation
Road erosion after heavy rains,Road Maintenance
Choked sewer causing overflow on roads,Sewage
Damaged foot overbridge needs maintenance,Public Transportation
Non-functional traffic signals at junction,Public Transportation
Auto-rickshaws overcharging passengers,Public Transportation
Overgrown weeds in public park,Parks and Recreation
Overgrown weeds in public park,Parks and Recreation
Public transport delays during peak hours,Public Transportation
Dead animal carcass needs removal,Sanitation
Overflowing public dustbin needs clearance,Sanitation
Manhole overflowing during rains,Sewage
Damaged curb creating safety concern,Road Maintenance
Broken bus stop shelter needs repair,Public Transportation
Public transport delays during peak hours,Public Transportation
Public transport delays during peak hours,Public Transportation
Manhole cover missing on busy street,Road Maintenance
No borewell maintenance in rural areas,Water Supply
Park benches broken and unusable,Parks and Recreation
Construction waste blocking footpath,Sanitation
Illegal water connections reducing supply,Water Supply
Public tap broken in slum area,Water Supply
Pipeline leakage wasting huge amount of water,Water Supply
Water tanker delays in summer season,Water Supply
Train station escalator not working,Public Transportation
Lack of dustbins in park area,Parks and Recreation
Burning trash causing air pollution,Sanitation
Power outage since last night,Electrical Department
Overflowing public dustbin needs clearance,Sanitation
Broken jogging track needs resurfacing,Parks and Recreation
Burning trash causing air pollution,Sanitation
Damaged electric pole leaning dangerously,Electrical Department
Fountain in park not working,Parks and Recreation
Construction waste blocking footpath,Sanitation
Exposed live wire on footpath,Electrical Department
Damaged sewage pipeline requires urgent repair,Sewage
Low water pressure in residential colony,Water Supply
Park benches broken and unusable,Parks and Recreation
E-rickshaws blocking main roads,Public Transportation
Damaged curb creating safety concern,Road Maintenance
Plastic waste choking drainage system,Sanitation
Exposed live wire on footpath,Electrical Department
Low water pressure in residential colony,Water Supply
Short circuit risk in public park,Electrical Department
Train station escalator not working,Public Transportation
E-rickshaws blocking main roads,Public Transportation
Damaged fencing in public playground,Parks and Recreation
Stray animals scavenging on open garbage,Sanitation
Cracked pavement causing trip hazard,Road Maintenance
Metro station water leakages reported,Public Transportation
Lack of covered drains near schools,Sewage
Lack of covered drainage near schools,Sewage
Children’s playground equipment damaged,Parks and Recreation
Fountain in park not working,Parks and Recreation
Lack of covered drains near schools,Sewage
Street dogs creating nuisance in parks,Parks and Recreation
Unauthorized electrical connections detected,Electrical Department
Stray animals scavenging on open garbage,Sanitation
Transformer sparking near residential area,Electrical Department
Public tap broken in slum area,Water Supply
Public transport delays during peak hours,Public Transportation
Non-functional drinking water tap in park,Parks and Recreation
Construction waste blocking footpath,Sanitation
Train station escalator not working,Public Transportation
Lack of dustbins in park area,Parks and Recreation
Plastic waste choking drainage system,Sanitation
Metro station water leakages reported,Public Transportation
Dead animal carcass needs removal,Sanitation
E-rickshaws blocking main roads,Public Transportation
Plastic waste choking drainage system,Sanitation
Dead animal carcass needs removal,Sanitation
Lack of garbage bins in market area,Sanitation
No borewell maintenance in rural areas,Water Supply
High-mast light not functioning,Electrical Department
Unattended biomedical waste near clinic,Sanitation
Auto-rickshaws overcharging passengers,Public Transportation
Non-functional drinking water tap in park,Parks and Recreation
Contaminated water supply in apartments,Water Supply
Illegal speed bumps causing accidents,Road Maintenance
Burning trash causing air pollution,Sanitation
Foul smell from open sewage line,Sewage
Lack of dustbins in park area,Parks and Recreation
Overgrown weeds in public park,Parks and Recreation
E-rickshaws blocking main roads,Public Transportation
Power outage since last night,Electrical Department
Choked sewer causing overflow on roads,Sewage
Children’s playground equipment damaged,Parks and Recreation
Overflowing public dustbin needs clearance,Sanitation
Damaged electric pole leaning dangerously,Electrical Department
Garbage pileup causing foul smell,Sanitation
Sewage water mixing with drinking water,Sewage
Damaged foot overbridge needs maintenance,Public Transportation
Short circuit risk in public park,Electrical Department
Auto-rickshaws overcharging passengers,Public Transportation
Tree branches touching live wires,Electrical Department
Damaged fencing in public playground,Parks and Recreation
Choked sewer causing overflow on roads,Sewage
Stray animals scavenging on open garbage,Sanitation
No drinking water supply since morning,Water Supply
Illegal water connections reducing supply,Water Supply
Manhole overflowing during rains,Sewage
Crowded buses causing inconvenience,Public Transportation
Sewage leakage near residential complex,Sewage
Short circuit risk in public park,Electrical Department
Damaged curb creating safety concern,Road Maintenance
Exposed live wire on footpath,Electrical Department
E-rickshaws blocking main roads,Public Transportation
Sewage leakage near residential complex,Sewage
Streetlight flickering at night,Electrical Department
Lack of tree plantation in parks,Parks and Recreation
Damaged fencing in public playground,Parks and Recreation
Damaged curb creating safety concern,Road Maintenance
Broken jogging track needs resurfacing,Parks and Recreation
Non-functional traffic signals at junction,Public Transportation
High-mast light not functioning,Electrical Department
Train station escalator not working,Public Transportation
Damaged sewage pipeline requires urgent repair,Sewage
Water tanker delays in summer season,Water Supply
Crowded buses causing inconvenience,Public Transportation
Pipeline leakage wasting huge amount of water,Water Supply
Faded zebra crossing needs repainting,Road Maintenance
Foul smell from open sewage line,Sewage
Non-functional traffic signals at junction,Public Transportation
No borewell maintenance in rural areas,Water Supply
Illegal speed bumps causing accidents,Road Maintenance
Non-functional traffic signals at junction,Public Transportation
Exposed live wire on footpath,Electrical Department
Road erosion after heavy rains,Road Maintenance
Short circuit risk in public park,Electrical Department
High-mast light not functioning,Electrical Department
Sewage leakage near residential complex,Sewage
Drainage overflow damaging road surface,Road Maintenance
Damaged curb creating safety concern,Road Maintenance
Non-functional drinking water tap in park,Parks and Recreation
Sewage leakage near residential complex,Sewage
E-rickshaws blocking main roads,Public Transportation
Metro station water leakages reported,Public Transportation
High-mast light not functioning,Electrical Department
Manhole overflowing during rains,Sewage
Children’s playground equipment damaged,Parks and Recreation
Construction debris blocking the road,Road Maintenance
Lack of garbage bins in market area,Sanitation
Water pipeline work delaying road repair,Water Supply
Damaged curb creating safety concern,Road Maintenance
Garbage pileup causing foul smell,Sanitation
Train station escalator not working,Public Transportation
Foul smell from open sewage line,Sewage
Non-functional drinking water tap in park,Parks and Recreation
Damaged fencing in public playground,Parks and Recreation
Lack of dustbins in park area,Parks and Recreation
Drainage overflow damaging road surface,Road Maintenance
Pothole damaging vehicles near main road,Road Maintenance
Cracked pavement causing trip hazard,Road Maintenance
Children’s playground equipment damaged,Parks and Recreation
Frequent voltage fluctuations in apartments,Electrical Department
Bus stop lacks proper seating,Public Transportation
Damaged electric pole leaning dangerously,Electrical Department
Pothole damaging vehicles near main road,Road Maintenance
Dead animal carcass needs removal,Sanitation
Public tap broken in slum area,Water Supply
Damaged curb creating safety concern,Road Maintenance
Crowded buses causing inconvenience,Public Transportation
Public tap broken in slum area,Water Supply
Lack of covered drainage near schools,Sewage
Bus stop lacks proper seating,Public Transportation
Short circuit risk in public park,Electrical Department
Lack of covered drainage near schools,Sewage
Stray animals scavenging on open garbage,Sanitation
Blocked drainage causing waterlogging,Sewage
Pipeline leakage wasting huge amount of water,Water Supply
Lack of garbage bins in market area,Sanitation
Damaged fencing in public playground,Parks and Recreation
Streetlight flickering at night,Electrical Department
Manhole overflowing during rains,Sewage
Water pipeline work delaying road repair,Water Supply
Water pipeline work delaying road repair,Water Supply
Illegal dumping of waste in residential area,Sanitation
Lack of dustbins in park area,Parks and Recreation
Tree branches touching live wires,Electrical Department
Metro station water leakages reported,Public Transportation
Damaged sewage pipeline requires urgent repair,Sewage
Water tanker delays in summer season,Water Supply
Sewage water mixing with drinking water,Sewage
Drainage overflow damaging road surface,Road Maintenance
Open drain causing mosquito breeding,Sewage
Streetlight flickering at night,Electrical Department
Burning trash causing air pollution,Sanitation
Construction debris blocking the road,Road Maintenance
Stray animals scavenging on open garbage,Sanitation
Illegal speed bumps causing accidents,Road Maintenance
Illegal water connections reducing supply,Water Supply
Construction debris blocking the road,Road Maintenance
Open drain causing mosquito breeding,Sewage
Low water pressure in residential colony,Water Supply
Broken jogging track needs resurfacing,Parks and Recreation
Manhole overflowing during rains,Sewage
Water tanker delays in summer season,Water Supply
Road erosion after heavy rains,Road Maintenance
Dead animal carcass needs removal,Sanitation
Damaged sewage pipeline requires urgent repair,Sewage
Bus stop lacks proper seating,Public Transportation
Drainage overflow damaging road surface,Road Maintenance
Construction debris blocking the road,Road Maintenance
Construction waste blocking footpath,Sanitation
Plastic waste choking drainage system,Sanitation
Street dogs creating nuisance in parks,Parks and Recreation
Construction waste blocking footpath,Sanitation
Road widening needed due to congestion,Road Maintenance
Transformer sparking near residential area,Electrical Department
Construction waste blocking footpath,Sanitation
Lack of dustbins in park area,Parks and Recreation
Low water pressure in residential colony,Water Supply
Lack of tree plantation in parks,Parks and Recreation
Faded zebra crossing needs repainting,Road Maintenance
Lack of covered drainage near schools,Sewage
Frequent voltage fluctuations in apartments,Electrical Department
Frequent voltage fluctuations in apartments,Electrical Department
Children’s playground equipment damaged,Parks and Recreation
Damaged foot overbridge needs maintenance,Public Transportation
Manhole cover missing on busy street,Road Maintenance
Damaged sewage pipeline requires urgent repair,Sewage
Overflowing public dustbin needs clearance,Sanitation
Damaged foot overbridge needs maintenance,Public Transportation
Park benches broken and unusable,Parks and Recreation
Damaged curb creating safety concern,Road Maintenance
Public tap broken in slum area,Water Supply
Blocked drainage causing waterlogging,Sewage
Lack of tree plantation in parks,Parks and Recreation
Construction debris blocking the road,Road Maintenance
Street dogs creating nuisance in parks,Parks and Recreation
Lack of garbage bins in market area,Sanitation
No borewell maintenance in rural areas,Water Supply
Transformer sparking near residential area,Electrical Department
No borewell maintenance in rural areas,Water Supply
Non-functional traffic signals at junction,Public Transportation
Low water pressure in residential colony,Water Supply
Overgrown weeds in public park,Parks and Recreation
No borewell maintenance in rural areas,Water Supply
Overgrown weeds in public park,Parks and Recreation
Bus stop lacks proper seating,Public Transportation
Plastic waste choking drainage system,Sanitation
Auto-rickshaws overcharging passengers,Public Transportation
Lack of garbage bins in market area,Sanitation
Fountain in park not working,Parks and Recreation
Transformer sparking near residential area,Electrical Department
Damaged electric pole leaning dangerously,Electrical Department
No borewell maintenance in rural areas,Water Supply
Illegal speed bumps causing accidents,Road Maintenance
Damaged curb creating safety concern,Road Maintenance
Fountain in park not working,Parks and Recreation
Overgrown weeds in public park,Parks and Recreation
Damaged curb creating safety concern,Road Maintenance
Choked sewer causing overflow on roads,Sewage
Illegal speed bumps causing accidents,Road Maintenance
Train station escalator not working,Public Transportation
Broken bus stop shelter needs repair,Public Transportation
Contaminated water supply in apartments,Water Supply
Auto-rickshaws overcharging passengers,Public Transportation
Streetlight flickering at night,Electrical Department
High-mast light not functioning,Electrical Department
Unauthorized electrical connections detected,Electrical Department
Stray animals scavenging on open garbage,Sanitation
Illegal water connections reducing supply,Water Supply
Foul smell from open sewage line,Sewage
High-mast light not functioning,Electrical Department
Burning trash causing air pollution,Sanitation
Unattended biomedical waste near clinic,Sanitation
Metro station water leakages reported,Public Transportation
Non-functional traffic signals at junction,Public Transportation
Low water pressure in residential colony,Water Supply
Children’s playground equipment damaged,Parks and Recreation
No borewell maintenance in rural areas,Water Supply
Manhole overflowing during rains,Sewage
Transformer sparking near residential area,Electrical Department
Overflowing public dustbin needs clearance,Sanitation
Streetlight flickering at night,Electrical Department
Sewage treatment plant malfunctioning,Sewage
Non-functional drinking water tap in park,Parks and Recreation
Train station escalator not working,Public Transportation
Overflowing public dustbin needs clearance,Sanitation
Street dogs creating nuisance in parks,Parks and Recreation
Cracked pavement causing trip hazard,Road Maintenance
Non-functional traffic signals at junction,Public Transportation
Road erosion after heavy rains,Road Maintenance
Overflowing public dustbin needs clearance,Sanitation
Streetlight flickering at night,Electrical Department
Foul smell from open sewage line,Sewage
High-mast light not functioning,Electrical Department
Sewage treatment plant malfunctioning,Sewage
Auto-rickshaws overcharging passengers,Public Transportation
Illegal speed bumps causing accidents,Road Maintenance
Stray animals scavenging on open garbage,Sanitation
Water pipeline work delaying road repair,Water Supply
Illegal water connections reducing supply,Water Supply
Cracked pavement causing trip hazard,Road Maintenance
Illegal dumping of waste in residential area,Sanitation
High-mast light not functioning,Electrical Department
Plastic waste choking drainage system,Sanitation
Exposed live wire on footpath,Electrical Department
Water pipeline work delaying road repair,Water Supply
Unauthorized electrical connections detected,Electrical Department
Power outage since last night,Electrical Department
Public transport delays during peak hours,Public Transportation
Damaged fencing in public playground,Parks and Recreation
Road widening needed due to congestion,Road Maintenance
Crowded buses causing inconvenience,Public Transportation
No borewell maintenance in rural areas,Water Supply
Cracked pavement causing trip hazard,Road Maintenance
Dead animal carcass needs removal,Sanitation
Park benches broken and unusable,Parks and Recreation
No drinking water supply since morning,Water Supply
Overgrown weeds in public park,Parks and Recreation
Fountain in park not working,Parks and Recreation
Manhole overflowing during rains,Sewage
Park benches broken and unusable,Parks and Recreation
Damaged foot overbridge needs maintenance,Public Transportation
Illegal dumping of waste in residential area,Sanitation
Choked sewer causing overflow on roads,Sewage
Metro station water leakages reported,Public Transportation
Water pipeline work delaying road repair,Water Supply
Illegal water connections reducing supply,Water Supply
Non-functional traffic signals at junction,Public Transportation
E-rickshaws blocking main roads,Public Transportation
Construction debris blocking the road,Road Maintenance
Damaged curb creating safety concern,Road Maintenance
Illegal dumping of waste in residential area,Sanitation
Choked sewer causing overflow on roads,Sewage
Sewage treatment plant malfunctioning,Sewage
Stray animals scavenging on open garbage,Sanitation
Unauthorized electrical connections detected,Electrical Department
Road erosion after heavy rains,Road Maintenance
Lack of covered drainage near schools,Sewage
Unauthorized electrical connections detected,Electrical Department
Transformer sparking near residential area,Electrical Department
Open drain causing mosquito breeding,Sewage
Frequent voltage fluctuations in apartments,Electrical Department
Blocked drainage causing waterlogging,Sewage
Open drain causing mosquito breeding,Sewage
Dead animal carcass needs removal,Sanitation
Frequent voltage fluctuations in apartments,Electrical Department
Construction waste blocking footpath,Sanitation
Water pipeline work delaying road repair,Water Supply
Road widening needed due to congestion,Road Maintenance
Overflowing public dustbin needs clearance,Sanitation
Unauthorized electrical connections detected,Electrical Department
Non-functional drinking water tap in park,Parks and Recreation
Illegal dumping of waste in residential area,Sanitation
Choked sewer causing overflow on roads,Sewage
Stray animals scavenging on open garbage,Sanitation
Choked sewer causing overflow on roads,Sewage
Public tap broken in slum area,Water Supply
Construction debris blocking the road,Road Maintenance
Foul smell from open sewage line,Sewage
Bus stop lacks proper seating,Public Transportation
Overflowing public dustbin needs clearance,Sanitation
Lack of garbage bins in market area,Sanitation
Drainage overflow damaging road surface,Road Maintenance
Lack of tree plantation in parks,Parks and Recreation
Transformer sparking near residential area,Electrical Department
Illegal speed bumps causing accidents,Road Maintenance
Road widening needed due to congestion,Road Maintenance
Unauthorized electrical connections detected,Electrical Department
Construction debris blocking the road,Road Maintenance
Open drain causing mosquito breeding,Sewage
High-mast light not functioning,Electrical Department
Public tap broken in slum area,Water Supply
Road widening needed due to congestion,Road Maintenance
Park benches broken and unusable,Parks and Recreation
Transformer sparking near residential area,Electrical Department
Sewage leakage near residential complex,Sewage
Park benches broken and unusable,Parks and Recreation
No borewell maintenance in rural areas,Water Supply
Damaged foot overbridge needs maintenance,Public Transportation
Construction waste blocking footpath,Sanitation
Broken jogging track needs resurfacing,Parks and Recreation
Water pipeline work delaying road repair,Water Supply
Damaged fencing in public playground,Parks and Recreation
Overgrown weeds in public park,Parks and Recreation
Burning trash causing air pollution,Sanitation
E-rickshaws blocking main roads,Public Transportation
High-mast light not functioning,Electrical Department
Public transport delays during peak hours,Public Transportation
Unattended biomedical waste near clinic,Sanitation
Drainage overflow damaging road surface,Road Maintenance
Overgrown weeds in public park,Parks and Recreation
Foul smell from open sewage line,Sewage
Train station escalator not working,Public Transportation
Broken jogging track needs resurfacing,Parks and Recreation
Damaged fencing in public playground,Parks and Recreation
Blocked drainage causing waterlogging,Sewage
Illegal water connections reducing supply,Water Supply
Damaged sewage pipeline requires urgent repair,Sewage
Drainage overflow damaging road surface,Road Maintenance
High-mast light not functioning,Electrical Department
Pothole damaging vehicles near main road,Road Maintenance
Street dogs creating nuisance in parks,Parks and Recreation
Manhole cover missing on busy street,Road Maintenance
E-rickshaws blocking main roads,Public Transportation
Sewage treatment plant malfunctioning,Sewage
Sewage water mixing with drinking water,Sewage
Lack of covered drainage near schools,Sewage
Children’s playground equipment damaged,Parks and Recreation
Street dogs creating nuisance in parks,Parks and Recreation
Manhole overflowing during rains,Sewage
Overgrown weeds in public park,Parks and Recreation
Metro station water leakages reported,Public Transportation
Illegal dumping of waste in residential area,Sanitation
Overgrown weeds in public park,Parks and Recreation
High-mast light not functioning,Electrical Department
Lack of covered drainage near schools,Sewage
Garbage pileup causing foul smell,Sanitation
Crowded buses causing inconvenience,Public Transportation
Metro station water leakages reported,Public Transportation
Streetlight flickering at night,Electrical Department
Lack of dustbins in park area,Parks and Recreation
Road erosion after heavy rains,Road Maintenance
Manhole overflowing during rains,Sewage
Train station escalator not working,Public Transportation
Faded zebra crossing needs repainting,Road Maintenance
Choked sewer causing overflow on roads,Sewage
Damaged curb creating safety concern,Road Maintenance
Burning trash causing air pollution,Sanitation
Sewage leakage near residential complex,Sewage
Stray animals scavenging on open garbage,Sanitation
Burning trash causing air pollution,Sanitation
Damaged foot overbridge needs maintenance,Public Transportation
Construction debris blocking the road,Road Maintenance
Children’s playground equipment damaged,Parks and Recreation
Unauthorized electrical connections detected,Electrical Department
Manhole cover missing on busy street,Road Maintenance
Road widening needed due to congestion,Road Maintenance
Park benches broken and unusable,Parks and Recreation
Blocked drainage causing waterlogging,Sewage
Cracked pavement causing trip hazard,Road Maintenance
Power outage since last night,Electrical Department
Streetlight flickering at night,Electrical Department
Pipeline leakage wasting huge amount of water,Water Supply
Illegal dumping of waste in residential area,Sanitation
Garbage pileup causing foul smell,Sanitation
Illegal speed bumps causing accidents,Road Maintenance
Low water pressure in residential colony,Water Supply
Lack of tree plantation in parks,Parks and Recreation
Manhole overflowing during rains,Sewage
Auto-rickshaws overcharging passengers,Public Transportation
Damaged curb creating safety concern,Road Maintenance
Damaged foot overbridge needs maintenance,Public Transportation
Non-functional drinking water tap in park,Parks and Recreation
Damaged fencing in public playground,Parks and Recreation
Low water pressure in residential colony,Water Supply
No borewell maintenance in rural areas,Water Supply
Frequent voltage fluctuations in apartments,Electrical Department
Choked sewer causing overflow on roads,Sewage
Garbage pileup causing foul smell,Sanitation
Illegal speed bumps causing accidents,Road Maintenance
No borewell maintenance in rural areas,Water Supply
Manhole overflowing during rains,Sewage
Damaged foot overbridge needs maintenance,Public Transportation
Lack of dustbins in park area,Parks and Recreation
Overgrown weeds in public park,Parks and Recreation
Need more waste segregation bins,Sanitation
Damaged dustbins causing litter accumulation,Parks and Recreation
Blocked stormwater drainage before monsoon,Sewage
Irregular municipal water supply timings,Water Supply
Sewage pipeline burst flooding streets,Sewage
No proper sewage treatment in locality,Sewage
Illegal borewells reducing groundwater levels,Water Supply
Broken seats in city buses,Public Transportation
Illegal parking obstructing emergency lanes,Road Maintenance
Lack of proper lighting in parks,Parks and Recreation
Stray cows eating plastic waste,Sanitation
Sewage pipeline burst flooding streets,Sewage
Transformer oil leakage causing hazard,Electrical Department
Broken swings in children’s play area,Parks and Recreation
Fountain water stagnant and dirty,Parks and Recreation
Loose hanging wires on street poles,Electrical Department
Encroachment reducing road width,Road Maintenance
"Park gate broken, allowing trespassers",Parks and Recreation
Stray cows eating plastic waste,Sanitation
Garden maintenance neglected for months,Parks and Recreation
Public toilets lack proper maintenance,Sanitation
Garbage burning causing respiratory issues,Sanitation
Dim streetlights reducing visibility,Electrical Department
Public urination creating unhygienic conditions,Sanitation
Roadside trees blocking traffic signals,Road Maintenance
Frequent short circuits in market area,Electrical Department
Autos refusing to go by meter,Public Transportation
Unauthorized digging damaging underground cables,Electrical Department
Auto drivers misbehaving with passengers,Public Transportation
Potholes causing frequent accidents,Road Maintenance
Irregular municipal water supply timings,Water Supply
Need more tree plantations in parks,Parks and Recreation
Electricity pole fallen after storm,Electrical Department
Damaged pedestrian sidewalk needs repair,Road Maintenance
Frequent short circuits in market area,Electrical Department
Sludge accumulation in sewage lines,Sewage
Leakage in underground water pipeline,Water Supply
Heavy truck movement damaging roads,Road Maintenance
No regular cleaning of drains,Sanitation
Unauthorized sewage connections detected,Sewage
Open sewer emitting unbearable stench,Sewage
Hotels dumping food waste on roads,Sanitation
Need additional bus stops in locality,Public Transportation
Unauthorized digging damaging underground cables,Electrical Department
Need additional bus stops in locality,Public Transportation
Sewage pipeline burst flooding streets,Sewage
Improper road dividers creating confusion,Road Maintenance
Open sewer emitting unbearable stench,Sewage
Potholes causing frequent accidents,Road Maintenance
No proper groundwater recharge facilities,Water Supply
Recycling collection not being done,Sanitation
Encroachment reducing road width,Road Maintenance
Unauthorized sewage connections detected,Sewage
Dim streetlights reducing visibility,Electrical Department
Broken swings in children’s play area,Parks and Recreation
Illegal parking obstructing emergency lanes,Road Maintenance
Lack of sanitation workers in area,Sanitation
Illegal borewells reducing groundwater levels,Water Supply
Speed breaker needs repainting,Road Maintenance
Need additional streetlights in dark spots,Electrical Department
Dim streetlights reducing visibility,Electrical Department
Stray cows eating plastic waste,Sanitation
Drain covers missing causing accidents,Sewage
No regular cleaning of drainage,Sanitation
Rickshaws blocking main road near station,Public Transportation
Frequent short circuits in market area,Electrical Department
Garden maintenance neglected for months,Parks and Recreation
Heavy truck movement damaging roads,Road Maintenance
Stray cows eating plastic waste,Sanitation
Need more tree plantations in parks,Parks and Recreation
No proper groundwater recharge facilities,Water Supply
Need more waste segregation bins,Sanitation
No regular cleaning of drains,Sanitation
Broken drainage pipes causing leakage,Sewage
Old rusted pipelines contaminating water,Water Supply
Illegal parking obstructing emergency lanes,Road Maintenance
Loose hanging wires on street poles,Electrical Department
Open sewer emitting unbearable stench,Sewage
Sewage mixing with stormwater drains,Sewage
Garbage burning causing respiratory issues,Sanitation
Speed breaker needs repainting,Road Maintenance
No proper groundwater recharge facilities,Water Supply
Rickshaws blocking main road near station,Public Transportation
Open sewer emitting unbearable stench,Sewage
Roadside trees blocking traffic signals,Road Maintenance
Unauthorized digging damaging underground cables,Electrical Department
Metro station lacks proper ventilation,Public Transportation
Garbage burning causing respiratory issues,Sanitation
Unauthorized digging damaging underground cables,Electrical Department
Irregular municipal water supply timings,Water Supply
Need additional streetlights in dark spots,Electrical Department
Unauthorized digging damaging underground cables,Electrical Department
Auto drivers misbehaving with passengers,Public Transportation
Old rusted pipelines contaminating water,Water Supply
Dump yard overflowing with uncollected waste,Sanitation
Roadside trees blocking traffic signals,Road Maintenance
Irregular municipal water supply timings,Water Supply
Overhead tank overflowing daily,Water Supply
Overloaded transformers sparking at night,Electrical Department
Public urination creating unhygienic conditions,Sanitation
Water scarcity despite regular complaints,Water Supply
Blocked stormwater drainage before monsoon,Sewage
Tankers charging extra for water supply,Water Supply
Unauthorized digging damaging underground cables,Electrical Department
Damaged pedestrian sidewalk needs repair,Road Maintenance
Leakage in underground water pipeline,Water Supply
Untreated water supply causing illness,Water Supply
Dump yard overflowing with uncollected waste,Sanitation
Auto drivers misbehaving with passengers,Public Transportation
Leakage in underground water pipeline,Water Supply
Open sewer emitting unbearable stench,Sewage
No proper sewage treatment in locality,Sewage
Loose hanging wires on street poles,Electrical Department
Metro station lacks proper ventilation,Public Transportation
Frequent short circuits in market area,Electrical Department
Untreated water supply causing illness,Water Supply
Power fluctuations damaging appliances,Electrical Department
Tankers charging extra for water supply,Water Supply
Improper road dividers creating confusion,Road Maintenance
Blocked stormwater drains before monsoon,Sewage
Irregular municipal water supply timings,Water Supply
Leakage in underground water pipeline,Water Supply
Illegal borewells reducing groundwater levels,Water Supply
Loose hanging wires on street poles,Electrical Department
Frequent short circuits in market area,Electrical Department
Need additional drainage system expansion,Sewage
Power fluctuations damaging appliances,Electrical Department
Broken swings in children’s play area,Parks and Recreation
Unauthorized digging damaging underground cables,Electrical Department
Open sewer emitting unbearable stench,Sewage
Untreated water supply causing illness,Water Supply
Fountain water stagnant and dirty,Parks and Recreation
Auto drivers misbehaving with passengers,Public Transportation
Sewage mixing with stormwater drainage,Sewage
Dim streetlights reducing visibility,Electrical Department
Illegal borewells reducing groundwater levels,Water Supply
No proper groundwater recharge facilities,Water Supply
Broken seats in city buses,Public Transportation
Unauthorized sewage connections detected,Sewage
Damaged pedestrian sidewalk needs repair,Road Maintenance
Heavy truck movement damaging roads,Road Maintenance
Broken drainage pipes causing leakage,Sewage
Public toilets lack proper maintenance,Sanitation
Electricity pole fallen after storm,Electrical Department
Public transport lacks safety features,Public Transportation
Encroachment reducing road width,Road Maintenance
Untreated water supply causing illness,Water Supply
Lack of proper lighting in parks,Parks and Recreation
Metro station lacks proper ventilation,Public Transportation
Speed breaker needs repainting,Road Maintenance
Public urination creating unhygienic conditions,Sanitation
Lack of proper lighting in parks,Parks and Recreation
"Park gate broken, allowing trespassers",Parks and Recreation
Speed breaker needs repainting,Road Maintenance
Electricity pole fallen after storm,Electrical Department
Illegal borewells reducing groundwater levels,Water Supply
Metro station lacks proper ventilation,Public Transportation
Public electric meters left open,Electrical Department
Transformer oil leakage causing hazard,Electrical Department
Public urination creating unhygienic conditions,Sanitation
Frequent waterlogging damaging road surface,Road Maintenance
Old rusted pipelines contaminating water,Water Supply
Lack of sanitation workers in area,Sanitation
Damaged dustbins causing litter accumulation,Parks and Recreation
Sludge accumulation in sewage lines,Sewage
Dogs littering jogging tracks,Parks and Recreation
Unauthorized digging damaging underground cables,Electrical Department
Auto drivers misbehaving with passengers,Public Transportation
Public toilets lack proper maintenance,Sanitation
Old rusted pipelines contaminating water,Water Supply
Tankers charging extra for water supply,Water Supply
Water scarcity despite regular complaints,Water Supply
Encroachment reducing road width,Road Maintenance
Tankers charging extra for water supply,Water Supply
Need additional drainage system expansion,Sewage
"Park gate broken, allowing trespassers",Parks and Recreation
Frequent waterlogging damaging road surface,Road Maintenance
Speed breaker needs repainting,Road Maintenance
Roadside trees blocking traffic signals,Road Maintenance
Loose hanging wires on street poles,Electrical Department
Encroachment reducing road width,Road Maintenance
Unauthorized sewage connections detected,Sewage
Garbage burning causing respiratory issues,Sanitation
Roadside trees blocking traffic signals,Road Maintenance
Public electric meters left open,Electrical Department
Broken drainage pipes causing leakage,Sewage
Need CCTV surveillance in public parks,Parks and Recreation
Hotels dumping food waste on roads,Sanitation
Dogs littering jogging tracks,Parks and Recreation
Tankers charging extra for water supply,Water Supply
Need more tree plantations in parks,Parks and Recreation
Water scarcity despite regular complaints,Water Supply
Unauthorized vendors inside public parks,Parks and Recreation
Lack of sanitation workers in area,Sanitation
Improper road dividers creating confusion,Road Maintenance
Unauthorized sewage connections detected,Sewage
Dim streetlights reducing visibility,Electrical Department
Electricity pole fallen after storm,Electrical Department
Need CCTV surveillance in public parks,Parks and Recreation
Public transport lacks safety features,Public Transportation
"Park gate broken, allowing trespassers",Parks and Recreation
Improper road dividers creating confusion,Road Maintenance
Tankers charging extra for water supply,Water Supply
Garden maintenance neglected for months,Parks and Recreation
Tankers charging extra for water supply,Water Supply
Need CCTV surveillance in public parks,Parks and Recreation
Roadside trees blocking traffic signals,Road Maintenance
Lack of sanitation workers in area,Sanitation
Dim streetlights reducing visibility,Electrical Department
Need additional streetlights in dark spots,Electrical Department
Loose hanging wires on street poles,Electrical Department
Broken public hand pump needs repair,Water Supply
Electricity pole fallen after storm,Electrical Department
Electricity pole fallen after storm,Electrical Department
Dogs littering jogging tracks,Parks and Recreation
Metro station lacks proper ventilation,Public Transportation
Garbage burning causing respiratory issues,Sanitation
Sewage mixing with stormwater drainage,Sewage
Electricity pole fallen after storm,Electrical Department
No regular cleaning of drainage,Sanitation
Speed breaker needs repainting,Road Maintenance
Lack of sanitation workers in area,Sanitation
Encroachment reducing road width,Road Maintenance
Broken drainage pipes causing leakage,Sewage
Hotels dumping food waste on roads,Sanitation
Broken swings in children’s play area,Parks and Recreation
Broken seats in city buses,Public Transportation
Broken public hand pump needs repair,Water Supply
Open sewer emitting unbearable stench,Sewage
Frequent short circuits in market area,Electrical Department
Potholes causing frequent accidents,Road Maintenance
Rickshaws blocking main road near station,Public Transportation
Need CCTV surveillance in public parks,Parks and Recreation
No proper groundwater recharge facilities,Water Supply
Broken public hand pump needs repair,Water Supply
Loose hanging wires on street poles,Electrical Department
Overhead tank overflowing daily,Water Supply
Garden maintenance neglected for months,Parks and Recreation
Broken seats in city buses,Public Transportation
Public electric meters left open,Electrical Department
Water scarcity despite regular complaints,Water Supply
Autos refusing to go by meter,Public Transportation
Hotels dumping food waste on roads,Sanitation
Rickshaws blocking main road near station,Public Transportation
Unauthorized sewage connections detected,Sewage
Auto drivers misbehaving with passengers,Public Transportation
Broken public hand pump needs repair,Water Supply
Illegal parking obstructing emergency lanes,Road Maintenance
Need additional streetlights in dark spots,Electrical Department
Blocked stormwater drains before monsoon,Sewage
Need more waste segregation bins,Sanitation
Speed breaker needs repainting,Road Maintenance
Fountain water stagnant and dirty,Parks and Recreation
Speed breaker needs repainting,Road Maintenance
Broken swings in children’s play area,Parks and Recreation
No pedestrian crossings near bus stand,Public Transportation
Water scarcity despite regular complaints,Water Supply
Unauthorized digging damaging underground cables,Electrical Department
Stray cows eating plastic waste,Sanitation
Unauthorized vendors inside public parks,Parks and Recreation
Leakage in underground water pipeline,Water Supply
Dogs littering jogging tracks,Parks and Recreation
Broken drainage pipes causing leakage,Sewage
Roadside trees blocking traffic signals,Road Maintenance
"Park gate broken, allowing trespassers",Parks and Recreation
Frequent short circuits in market area,Electrical Department
Need additional drainage system expansion,Sewage
Lack of ramps for disabled commuters,Public Transportation
Need more tree plantations in parks,Parks and Recreation
Improper road dividers creating confusion,Road Maintenance
Transformer oil leakage causing hazard,Electrical Department
Improper road dividers creating confusion,Road Maintenance
Dim streetlights reducing visibility,Electrical Department
Frequent short circuits in market area,Electrical Department
Broken seats in city buses,Public Transportation
Irregular municipal water supply timings,Water Supply
Auto drivers misbehaving with passengers,Public Transportation
Damaged dustbins causing litter accumulation,Parks and Recreation
No proper sewage treatment in locality,Sewage
Damaged dustbins causing litter accumulation,Parks and Recreation
Leakage in underground water pipeline,Water Supply
Broken seats in city buses,Public Transportation
Dim streetlights reducing visibility,Electrical Department
Garden maintenance neglected for months,Parks and Recreation
Unauthorized digging damaging underground cables,Electrical Department
Lack of ramps for disabled commuters,Public Transportation
Damaged pedestrian sidewalk needs repair,Road Maintenance
Metro station lacks proper ventilation,Public Transportation
Autos refusing to go by meter,Public Transportation
Broken public hand pump needs repair,Water Supply
Sunken road patch causing vehicle imbalance,Road Maintenance
Bus timings not being followed,Public Transportation
Unauthorized sewage connections detected,Sewage
Lack of proper lighting in parks,Parks and Recreation
Broken swings in children’s play area,Parks and Recreation
Tankers charging extra for water supply,Water Supply
Sunken road patch causing vehicle imbalance,Road Maintenance
Overhead tank overflowing daily,Water Supply
Leakage in underground water pipeline,Water Supply
No pedestrian crossings near bus stand,Public Transportation
Tankers charging extra for water supply,Water Supply
Sewage mixing with stormwater drainage,Sewage
Unauthorized vendors inside public parks,Parks and Recreation
Speed breaker needs repainting,Road Maintenance
Dogs littering jogging tracks,Parks and Recreation
Metro station lacks proper ventilation,Public Transportation
Speed breaker needs repainting,Road Maintenance
Transformer oil leakage causing hazard,Electrical Department
Power fluctuations damaging appliances,Electrical Department
Loose hanging wires on street poles,Electrical Department
Need CCTV surveillance in public parks,Parks and Recreation
Fountain water stagnant and dirty,Parks and Recreation
Encroachment reducing road width,Road Maintenance
Encroachment reducing road width,Road Maintenance
Dogs littering jogging tracks,Parks and Recreation
Public electric meters left open,Electrical Department
Sewage pipeline burst flooding streets,Sewage
Metro station lacks proper ventilation,Public Transportation
Improper road dividers creating confusion,Road Maintenance
Lack of proper lighting in parks,Parks and Recreation
Roadside trees blocking traffic signals,Road Maintenance
Overloaded transformers sparking at night,Electrical Department
Sunken road patch causing vehicle imbalance,Road Maintenance
Speed breaker needs repainting,Road Maintenance
Loose hanging wires on street poles,Electrical Department
Old rusted pipelines contaminating water,Water Supply
Recycling collection not being done,Sanitation
Recycling collection not being done,Sanitation
Lack of ramps for disabled commuters,Public Transportation
Potholes causing frequent accidents,Road Maintenance
Dump yard overflowing with uncollected waste,Sanitation
Fountain water stagnant and dirty,Parks and Recreation
Electricity pole fallen after storm,Electrical Department
Overhead tank overflowing daily,Water Supply
Fountain water stagnant and dirty,Parks and Recreation
Public toilets lack proper maintenance,Sanitation
Illegal borewells reducing groundwater levels,Water Supply
Water scarcity despite regular complaints,Water Supply
Electricity pole fallen after storm,Electrical Department
Overloaded transformers sparking at night,Electrical Department
Sewage mixing with stormwater drainage,Sewage
Unauthorized vendors inside public parks,Parks and Recreation
Lack of ramps for disabled commuters,Public Transportation
Stray cows eating plastic waste,Sanitation
Broken drainage pipes causing leakage,Sewage
No pedestrian crossings near bus stand,Public Transportation
Potholes causing frequent accidents,Road Maintenance
Lack of proper lighting in parks,Parks and Recreation
Need more tree plantations in parks,Parks and Recreation
Frequent waterlogging damaging road surface,Road Maintenance
Overloaded transformers sparking at night,Electrical Department
Frequent short circuits in market area,Electrical Department
Sewage pipeline burst flooding streets,Sewage
Blocked stormwater drains before monsoon,Sewage
Power fluctuations damaging appliances,Electrical Department
Need additional bus stops in locality,Public Transportation
No pedestrian crossings near bus stand,Public Transportation
Broken drainage pipes causing leakage,Sewage
Dogs littering jogging tracks,Parks and Recreation
Transformer oil leakage causing hazard,Electrical Department
Drain covers missing causing accidents,Sewage
Dump yard overflowing with uncollected waste,Sanitation
Roadside trees blocking traffic signals,Road Maintenance
Unauthorized vendors inside public parks,Parks and Recreation
Sewage mixing with stormwater drains,Sewage
Lack of sanitation workers in area,Sanitation
Fountain water stagnant and dirty,Parks and Recreation
Untreated water supply causing illness,Water Supply
Stray cows eating plastic waste,Sanitation
No proper sewage treatment in locality,Sewage
Drain covers missing causing accidents,Sewage
Lack of sanitation workers in area,Sanitation
Need more waste segregation bins,Sanitation
Lack of proper lighting in parks,Parks and Recreation
Blocked stormwater drainage before monsoon,Sewage
Lack of proper lighting in parks,Parks and Recreation
Need CCTV surveillance in public parks,Parks and Recreation
Potholes causing frequent accidents,Road Maintenance
Autos refusing to go by meter,Public Transportation
Need additional streetlights in dark spots,Electrical Department
Lack of ramps for disabled commuters,Public Transportation
Lack of ramps for disabled commuters,Public Transportation
No proper groundwater recharge facilities,Water Supply
Roadside trees blocking traffic signals,Road Maintenance
Unauthorized vendors inside public parks,Parks and Recreation
Auto drivers misbehaving with passengers,Public Transportation
Garden maintenance neglected for months,Parks and Recreation
Unauthorized digging damaging underground cables,Electrical Department
Broken swings in children’s play area,Parks and Recreation
Public toilets lack proper maintenance,Sanitation
Garden maintenance neglected for months,Parks and Recreation
Loose hanging wires on street poles,Electrical Department
Fountain water stagnant and dirty,Parks and Recreation
Improper road dividers creating confusion,Road Maintenance
Frequent waterlogging damaging road surface,Road Maintenance
Dim streetlights reducing visibility,Electrical Department
Frequent waterlogging damaging road surface,Road Maintenance
Speed breaker needs repainting,Road Maintenance
Metro station lacks proper ventilation,Public Transportation
Hotels dumping food waste on roads,Sanitation
Garden maintenance neglected for months,Parks and Recreation
Unauthorized digging damaging underground cables,Electrical Department
Dogs littering jogging tracks,Parks and Recreation
Improper road dividers creating confusion,Road Maintenance
No pedestrian crossings near bus stand,Public Transportation
Auto drivers misbehaving with passengers,Public Transportation
Old rusted pipelines contaminating water,Water Supply
Unauthorized vendors inside public parks,Parks and Recreation
Rickshaws blocking main road near station,Public Transportation
Bus timings not being followed,Public Transportation
Autos refusing to go by meter,Public Transportation
Dump yard overflowing with uncollected waste,Sanitation
Frequent short circuits in market area,Electrical Department
Overhead tank overflowing daily,Water Supply
Broken swings in children’s play area,Parks and Recreation
Hotels dumping food waste on roads,Sanitation
Broken seats in city buses,Public Transportation
Fountain water stagnant and dirty,Parks and Recreation
Illegal borewells reducing groundwater levels,Water Supply
Potholes causing frequent accidents,Road Maintenance
Public transport lacks safety features,Public Transportation
Garbage burning causing respiratory issues,Sanitation
Damaged dustbins causing litter accumulation,Parks and Recreation
Water scarcity despite regular complaints,Water Supply
Sludge accumulation in sewage lines,Sewage
Open sewer emitting unbearable stench,Sewage
Broken drainage pipes causing leakage,Sewage
Encroachment reducing road width,Road Maintenance
Garbage burning causing respiratory issues,Sanitation
Lack of ramps for disabled commuters,Public Transportation
Lack of ramps for disabled commuters,Public Transportation
Illegal borewells reducing groundwater levels,Water Supply
Public toilets lack proper maintenance,Sanitation
Old rusted pipelines contaminating water,Water Supply
Need CCTV surveillance in public parks,Parks and Recreation
Recycling collection not being done,Sanitation
Heavy truck movement damaging roads,Road Maintenance
Stray cows eating plastic waste,Sanitation
No pedestrian crossings near bus stand,Public Transportation
Potholes causing frequent accidents,Road Maintenance
Unauthorized vendors inside public parks,Parks and Recreation
Fountain water stagnant and dirty,Parks and Recreation
Encroachment reducing road width,Road Maintenance
Dogs littering jogging tracks,Parks and Recreation
Sewage mixing with stormwater drainage,Sewage
Sewage mixing with stormwater drainage,Sewage
Improper road dividers creating confusion,Road Maintenance
Sewage pipeline burst flooding streets,Sewage
Speed breaker needs repainting,Road Maintenance
Metro station lacks proper ventilation,Public Transportation
Garbage burning causing respiratory issues,Sanitation
No pedestrian crossings near bus stand,Public Transportation
Unauthorized digging damaging underground cables,Electrical Department
Autos refusing to go by meter,Public Transportation
Sunken road patch causing vehicle imbalance,Road Maintenance
Sewage mixing with stormwater drains,Sewage
Old rusted pipelines contaminating water,Water Supply
Open sewer emitting unbearable stench,Sewage
Need more tree plantations in parks,Parks and Recreation
Overhead tank overflowing daily,Water Supply
Rickshaws blocking main road near station,Public Transportation
Sewage pipeline burst flooding streets,Sewage
Drain covers missing causing accidents,Sewage
Frequent waterlogging damaging road surface,Road Maintenance
Tankers charging extra for water supply,Water Supply
Leakage in underground water pipeline,Water Supply
Damaged dustbins causing litter accumulation,Parks and Recreation
Blocked stormwater drains before monsoon,Sewage
Broken seats in city buses,Public Transportation
Encroachment reducing road width,Road Maintenance
Encroachment reducing road width,Road Maintenance
Garbage burning causing respiratory issues,Sanitation
Improper road dividers creating confusion,Road Maintenance
Metro station lacks proper ventilation,Public Transportation
Frequent short circuits in market area,Electrical Department
Hotels dumping food waste on roads,Sanitation
Lack of ramps for disabled commuters,Public Transportation
Sludge accumulation in sewage lines,Sewage
Unauthorized sewage connections detected,Sewage
Rickshaws blocking main road near station,Public Transportation
Public toilets lack proper maintenance,Sanitation
Illegal parking obstructing emergency lanes,Road Maintenance
Damaged pedestrian sidewalk needs repair,Road Maintenance
Overloaded transformers sparking at night,Electrical Department
Power fluctuations damaging appliances,Electrical Department
Fountain water stagnant and dirty,Parks and Recreation
Electricity pole fallen after storm,Electrical Department
Stray cows eating plastic waste,Sanitation
Illegal borewells reducing groundwater levels,Water Supply
Frequent short circuits in market area,Electrical Department
Stray cows eating plastic waste,Sanitation
Frequent short circuits in market area,Electrical Department
Speed breaker needs repainting,Road Maintenance
Sewage pipeline burst flooding streets,Sewage
Garbage burning causing respiratory issues,Sanitation
Need additional bus stops in locality,Public Transportation
Need additional bus stops in locality,Public Transportation
Improper road dividers creating confusion,Road Maintenance
Dump yard overflowing with uncollected waste,Sanitation
No proper sewage treatment in locality,Sewage
Unauthorized electric pole installations,Electrical Department
Public parks closed too early,Parks and Recreation
Drain covers frequently stolen,Sewage
Pavement tiles missing near bus stop,Road Maintenance
Unregulated fares in private transport,Public Transportation
Bus frequency too low during peak hours,Public Transportation
Power theft causing fluctuations,Electrical Department
Highway barricades placed haphazardly,Road Maintenance
Lack of seating arrangements in parks,Parks and Recreation
Pavement tiles missing near bus stop,Road Maintenance
Illegal vendors encroaching on footpaths,Road Maintenance
Damaged sculptures in heritage parks,Parks and Recreation
Construction work damaging sewage pipes,Sewage
Highway barricades placed haphazardly,Road Maintenance
Drainage system unable to handle monsoon,Sewage
Overflowing sewer emitting foul odor,Sanitation
Public toilet doors missing in market,Sanitation
Public parks closed too early,Parks and Recreation
Unattended electric sparks from transformer,Electrical Department
Damaged bridge railing poses danger,Road Maintenance
Broken tiles in jogging tracks,Parks and Recreation
Broken tiles in jogging tracks,Parks and Recreation
Auto stands need better organization,Public Transportation
Pipeline contamination causing health issues,Water Supply
Unattended electric sparks from transformer,Electrical Department
No real-time bus tracking available,Public Transportation
Garbage collection irregular in residential area,Sanitation
Overflowing sewer emitting foul odor,Sanitation
Flyover expansion needed due to traffic,Road Maintenance
Clogged drain creating stagnant water,Sewage
Broken tiles in jogging tracks,Parks and Recreation
Water scarcity in summer months,Water Supply
No real-time bus tracking available,Public Transportation
Crowded buses due to lack of fleet,Public Transportation
Unfinished roadwork causing traffic congestion,Road Maintenance
Auto stands need better organization,Public Transportation
Broken streetlights causing safety concerns,Electrical Department
Damaged electric meters need replacement,Electrical Department
Construction work damaging sewage pipes,Sewage
Unregulated fares in private transport,Public Transportation
Sewage tankers dumping waste illegally,Sewage
Abandoned parks attracting illegal activities,Parks and Recreation
Unattended electric sparks from transformer,Electrical Department
Drain cleaning not done for months,Sanitation
Lack of seating arrangements in parks,Parks and Recreation
Sewage tankers dumping waste illegally,Sewage
Damaged sculptures in heritage parks,Parks and Recreation
Inconsistent municipal water supply schedule,Water Supply
Unattended electric sparks from transformer,Electrical Department
Faulty wiring in public washrooms,Electrical Department
More borewells needed in village area,Water Supply
Auto stands need better organization,Public Transportation
Frequent power cuts disrupting businesses,Electrical Department
Need additional water storage tanks,Water Supply
Need solar-powered lights in villages,Electrical Department
Auto stands need better organization,Public Transportation
Illegal vendors encroaching on footpaths,Road Maintenance
Construction work damaging sewage pipes,Sewage
Need more female-only buses,Public Transportation
Need bio-toilets to prevent sewage overflow,Sewage
More borewells needed in village area,Water Supply
Drain cleaning not done for months,Sanitation
No real-time bus tracking available,Public Transportation
Pipeline contamination causing health issues,Water Supply
Narrow roads causing frequent accidents,Road Maintenance
Open sewage line near school,Sewage
Garbage collection irregular in residential area,Sanitation
Broken speed bumps causing vehicle damage,Road Maintenance
Frequent power cuts disrupting businesses,Electrical Department
Unauthorized electric pole installations,Electrical Department
Pipeline contamination causing health issues,Water Supply
Narrow roads causing frequent accidents,Road Maintenance
Neglected greenery in city gardens,Parks and Recreation
Faulty wiring in public washrooms,Electrical Department
Unfinished roadwork causing traffic congestion,Road Maintenance
No pedestrian pathways near shopping malls,Road Maintenance
Construction work damaging sewage pipes,Sewage
Roadside parking reducing bus maneuverability,Public Transportation
Need more playgrounds in residential areas,Parks and Recreation
Garbage collection irregular in residential area,Sanitation
Illegal vendors encroaching on footpaths,Road Maintenance
Voltage surges damaging household appliances,Electrical Department
Public water taps left running unattended,Water Supply
Public park lacks drinking water facility,Parks and Recreation
Dumped medical waste near hospital,Sanitation
Unhygienic conditions inside city buses,Public Transportation
Public parks closed too early,Parks and Recreation
Voltage surges damaging household appliances,Electrical Department
Drainage system unable to handle monsoon,Sewage
Public dustbins not being emptied regularly,Sanitation
Need more playgrounds in residential areas,Parks and Recreation
Need electric buses to reduce pollution,Public Transportation
Railway station lacks proper seating areas,Public Transportation
Flyover expansion needed due to traffic,Road Maintenance
Water tankers not reaching rural areas,Water Supply
Frequent power cuts disrupting businesses,Electrical Department
Roadside parking reducing bus maneuverability,Public Transportation
Inconsistent municipal water supply schedule,Water Supply
Unattended electric sparks from transformer,Electrical Department
Leaking septic tanks near houses,Sewage
Need solar-powered lights in villages,Electrical Department
Water scarcity in summer months,Water Supply
Sewage tankers dumping waste illegally,Sewage
Railway station lacks proper seating areas,Public Transportation
Drain cleaning not done for months,Sanitation
Voltage surges damaging household appliances,Electrical Department
Need solar-powered lights in villages,Electrical Department
No proper sanitation near street food stalls,Sanitation
Railway station lacks proper seating areas,Public Transportation
Highway barricades placed haphazardly,Road Maintenance
Pipeline repairs causing temporary water cuts,Water Supply
Unattended electric sparks from transformer,Electrical Department
Need solar-powered lights in villages,Electrical Department
Drain cleaning not done for months,Sanitation
Unhygienic conditions inside city buses,Public Transportation
Illegal borewells reducing water availability,Water Supply
Roadside parking reducing bus maneuverability,Public Transportation
Leaking septic tanks near houses,Sewage
Damaged electric meters need replacement,Electrical Department
Construction work damaging sewage pipes,Sewage
Need solar-powered lights in villages,Electrical Department
Water leakage eroding road surface,Road Maintenance
Public parks closed too early,Parks and Recreation
Water tankers not reaching rural areas,Water Supply
Railway station lacks proper seating areas,Public Transportation
Highway barricades placed haphazardly,Road Maintenance
Pavement tiles missing near bus stop,Road Maintenance
Damaged bridge railing poses danger,Road Maintenance
Foul odor from sewer affecting businesses,Sewage
Garbage collection irregular in residential area,Sanitation
Frequent power cuts disrupting businesses,Electrical Department
Unauthorized electric pole installations,Electrical Department
Leaking septic tanks near houses,Sewage
Construction work damaging sewage pipes,Sewage
Faulty wiring in public washrooms,Electrical Department
Need more playgrounds in residential areas,Parks and Recreation
Railway station lacks proper seating areas,Public Transportation
Bus frequency too low during peak hours,Public Transportation
Faulty wiring in public washrooms,Electrical Department
Garbage collection irregular in residential area,Sanitation
No real-time bus tracking available,Public Transportation
Drain cleaning not done for months,Sanitation
Illegal vendors encroaching on footpaths,Road Maintenance
No proper sewage treatment in industrial area,Sewage
Crowded buses due to lack of fleet,Public Transportation
Bus frequency too low during peak hours,Public Transportation
No proper sewage treatment in industrial area,Sewage
Auto stands need better organization,Public Transportation
Pavement tiles missing near bus stop,Road Maintenance
Public parks closed too early,Parks and Recreation
Public water taps left running unattended,Water Supply
Narrow roads causing frequent accidents,Road Maintenance
Auto stands need better organization,Public Transportation
No proper sanitation near street food stalls,Sanitation
Need electric buses to reduce pollution,Public Transportation
Auto stands need better organization,Public Transportation
Open sewage line near school,Sewage
No real-time bus tracking available,Public Transportation
Broken speed bumps causing vehicle damage,Road Maintenance
Public water taps left running unattended,Water Supply
Illegal vendors encroaching on footpaths,Road Maintenance
Abandoned parks attracting illegal activities,Parks and Recreation
Broken tiles in jogging tracks,Parks and Recreation
Need more female-only buses,Public Transportation
Public parks closed too early,Parks and Recreation
Railway station lacks proper seating areas,Public Transportation
Pipeline contamination causing health issues,Water Supply
No real-time bus tracking available,Public Transportation
Leaking septic tanks near houses,Sewage
Damaged bridge railing poses danger,Road Maintenance
Damaged bridge railing poses danger,Road Maintenance
Public toilet doors missing in market,Sanitation
More borewells needed in village area,Water Supply
Public dustbins not being emptied regularly,Sanitation
Need additional water storage tanks,Water Supply
Leaking septic tanks near houses,Sewage
Neglected greenery in city gardens,Parks and Recreation
Construction work damaging sewage pipes,Sewage
Need rainwater harvesting implementation,Water Supply
Pavement tiles missing near bus stop,Road Maintenance
No pedestrian pathways near shopping malls,Road Maintenance
Leaking septic tanks near houses,Sewage
No proper sanitation near street food stalls,Sanitation
Pipeline repairs causing temporary water cuts,Water Supply
Sewage tankers dumping waste illegally,Sewage
Water leakage eroding road surface,Road Maintenance
Power theft causing fluctuations,Electrical Department
Drainage system unable to handle monsoon,Sewage
Need more playgrounds in residential areas,Parks and Recreation
Drain covers frequently stolen,Sewage
Damaged electric meters need replacement,Electrical Department
Vermin infestation near garbage dump,Sanitation
Garbage collection irregular in residential area,Sanitation
Frequent power cuts disrupting businesses,Electrical Department
Pavement tiles missing near bus stop,Road Maintenance
Unattended electric sparks from transformer,Electrical Department
Need bio-toilets to prevent sewage overflow,Sewage
Need more playgrounds in residential areas,Parks and Recreation
Unattended electric sparks from transformer,Electrical Department
Streetlight poles bent dangerously,Electrical Department
Public park lacks drinking water facility,Parks and Recreation
Narrow roads causing frequent accidents,Road Maintenance
Neglected greenery in city gardens,Parks and Recreation
Roadside parking reducing bus maneuverability,Public Transportation
Public dustbins not being emptied regularly,Sanitation
Unfinished roadwork causing traffic congestion,Road Maintenance
Unregulated fares in private transport,Public Transportation
Public parks closed too early,Parks and Recreation
Foul odor from sewer affecting businesses,Sewage
Clogged drain creating stagnant water,Sewage
Need electric buses to reduce pollution,Public Transportation
Unhygienic conditions inside city buses,Public Transportation
Public dustbins not being emptied regularly,Sanitation
Foul odor from sewer affecting businesses,Sewage
Unfinished roadwork causing traffic congestion,Road Maintenance
No proper sewage treatment in industrial area,Sewage
Sewage tankers dumping waste illegally,Sewage
Public park lacks drinking water facility,Parks and Recreation
Mosquito breeding due to stagnant garbage,Sanitation
Unhygienic conditions inside city buses,Public Transportation
Dumped medical waste near hospital,Sanitation
Damaged electric meters need replacement,Electrical Department
Need electric buses to reduce pollution,Public Transportation
Water scarcity in summer months,Water Supply
Water leakage eroding road surface,Road Maintenance
Public park lacks drinking water facility,Parks and Recreation
Water scarcity in summer months,Water Supply
Foul odor from sewer affecting businesses,Sewage
Frequent power cuts disrupting businesses,Electrical Department
Need additional water storage tanks,Water Supply
Vermin infestation near garbage dump,Sanitation
Public dustbins not being emptied regularly,Sanitation
Pipeline repairs causing temporary water cuts,Water Supply
Broken tiles in jogging tracks,Parks and Recreation
No proper sewage treatment in industrial area,Sewage
Water tankers not reaching rural areas,Water Supply
Illegal vendors encroaching on footpaths,Road Maintenance
Need more playgrounds in residential areas,Parks and Recreation
Drainage system unable to handle monsoon,Sewage
Unhygienic conditions inside city buses,Public Transportation
Need bio-toilets to prevent sewage overflow,Sewage
Highway barricades placed haphazardly,Road Maintenance
Public water taps left running unattended,Water Supply
Power theft causing fluctuations,Electrical Department
Broken speed bumps causing vehicle damage,Road Maintenance
Broken tiles in jogging tracks,Parks and Recreation
No proper sanitation near street food stalls,Sanitation
Pipeline repairs causing temporary water cuts,Water Supply
Broken streetlights causing safety concerns,Electrical Department
Illegal vendors encroaching on footpaths,Road Maintenance
Unauthorized electric pole installations,Electrical Department
Illegal vendors encroaching on footpaths,Road Maintenance
Clogged drain creating stagnant water,Sewage
Need bio-toilets to prevent sewage overflow,Sewage
Voltage surges damaging household appliances,Electrical Department
Damaged sculptures in heritage parks,Parks and Recreation
Pavement tiles missing near bus stop,Road Maintenance
Pipeline repairs causing temporary water cuts,Water Supply
Need additional water storage tanks,Water Supply
Inconsistent municipal water supply schedule,Water Supply
Pavement tiles missing near bus stop,Road Maintenance
Neglected greenery in city gardens,Parks and Recreation
Roadside parking reducing bus maneuverability,Public Transportation
Public dustbins not being emptied regularly,Sanitation
Narrow roads causing frequent accidents,Road Maintenance
Drain cleaning not done for months,Sanitation
Water scarcity in summer months,Water Supply
Faulty wiring in public washrooms,Electrical Department
Roadside parking reducing bus maneuverability,Public Transportation
Clogged drain creating stagnant water,Sewage
Unauthorized electric pole installations,Electrical Department
Need electric buses to reduce pollution,Public Transportation
Narrow roads causing frequent accidents,Road Maintenance
Streetlight poles bent dangerously,Electrical Department
Overflowing sewer emitting foul odor,Sanitation
Public parks closed too early,Parks and Recreation
Unattended electric sparks from transformer,Electrical Department
Damaged electric meters need replacement,Electrical Department
Sewage tankers dumping waste illegally,Sewage
Public dustbins not being emptied regularly,Sanitation
Overflowing sewer emitting foul odor,Sanitation
Railway station lacks proper seating areas,Public Transportation
Unauthorized electric pole installations,Electrical Department
No waste segregation in apartment complex,Sanitation
Pavement tiles missing near bus stop,Road Maintenance
Water tankers not reaching rural areas,Water Supply
Mosquito breeding due to stagnant garbage,Sanitation
Clogged drain creating stagnant water,Sewage
Illegal encroachments inside recreational areas,Parks and Recreation
Roadside parking reducing bus maneuverability,Public Transportation
Clogged drain creating stagnant water,Sewage
Inconsistent municipal water supply schedule,Water Supply
Need solar-powered lights in villages,Electrical Department
Need solar-powered lights in villages,Electrical Department
No pedestrian pathways near shopping malls,Road Maintenance
Need more playgrounds in residential areas,Parks and Recreation
Pipeline repairs causing temporary water cuts,Water Supply
Leaking septic tanks near houses,Sewage
Unfinished roadwork causing traffic congestion,Road Maintenance
Damaged sculptures in heritage parks,Parks and Recreation
No pedestrian pathways near shopping malls,Road Maintenance
Mosquito breeding due to stagnant garbage,Sanitation
Frequent power cuts disrupting businesses,Electrical Department
Unattended electric sparks from transformer,Electrical Department
Drain cleaning not done for months,Sanitation
Dumped medical waste near hospital,Sanitation
Foul odor from sewer affecting businesses,Sewage
Inconsistent municipal water supply schedule,Water Supply
Garbage collection irregular in residential area,Sanitation
Damaged sculptures in heritage parks,Parks and Recreation
Water scarcity in summer months,Water Supply
Unattended electric sparks from transformer,Electrical Department
Need additional water storage tanks,Water Supply
Public toilet doors missing in market,Sanitation
Pipeline contamination causing health issues,Water Supply
No real-time bus tracking available,Public Transportation
Unfinished roadwork causing traffic congestion,Road Maintenance
Public parks closed too early,Parks and Recreation
Need more female-only buses,Public Transportation
More borewells needed in village area,Water Supply
Frequent power cuts disrupting businesses,Electrical Department
Foul odor from sewer affecting businesses,Sewage
Need solar-powered lights in villages,Electrical Department
Pavement tiles missing near bus stop,Road Maintenance
Broken streetlights causing safety concerns,Electrical Department
Voltage surges damaging household appliances,Electrical Department
Pipeline repairs causing temporary water cuts,Water Supply
Flyover expansion needed due to traffic,Road Maintenance
Power theft causing fluctuations,Electrical Department
Need rainwater harvesting implementation,Water Supply
Crowded buses due to lack of fleet,Public Transportation
Drainage system unable to handle monsoon,Sewage
Neglected greenery in city gardens,Parks and Recreation
Unregulated fares in private transport,Public Transportation
Public parks closed too early,Parks and Recreation
Unfinished roadwork causing traffic congestion,Road Maintenance
Drain covers frequently stolen,Sewage
Drain covers frequently stolen,Sewage
Inconsistent municipal water supply schedule,Water Supply
Need more cycling tracks in parks,Parks and Recreation
Unhygienic conditions inside city buses,Public Transportation
Bus frequency too low during peak hours,Public Transportation
Need more cycling tracks in parks,Parks and Recreation
Foul odor from sewer affecting businesses,Sewage
Streetlight poles bent dangerously,Electrical Department
Drainage system unable to handle monsoon,Sewage
Public dustbins not being emptied regularly,Sanitation
Damaged electric meters need replacement,Electrical Department
Public toilet doors missing in market,Sanitation
Unfinished roadwork causing traffic congestion,Road Maintenance
Inconsistent municipal water supply schedule,Water Supply
Frequent power cuts disrupting businesses,Electrical Department
Railway station lacks proper seating areas,Public Transportation
Open sewage line near school,Sewage
Bus frequency too low during peak hours,Public Transportation
Highway barricades placed haphazardly,Road Maintenance
Garbage collection irregular in residential area,Sanitation
Broken speed bumps causing vehicle damage,Road Maintenance
Narrow roads causing frequent accidents,Road Maintenance
Unattended electric sparks from transformer,Electrical Department
Unhygienic conditions inside city buses,Public Transportation
Drain covers frequently stolen,Sewage
Foul odor from sewer affecting businesses,Sewage
Need rainwater harvesting implementation,Water Supply
Need solar-powered lights in villages,Electrical Department
Highway barricades placed haphazardly,Road Maintenance
Pipeline repairs causing temporary water cuts,Water Supply
Public toilet doors missing in market,Sanitation
Vermin infestation near garbage dump,Sanitation
Water leakage eroding road surface,Road Maintenance
Water tankers not reaching rural areas,Water Supply
Frequent power cuts disrupting businesses,Electrical Department
Abandoned parks attracting illegal activities,Parks and Recreation
Unauthorized electric pole installations,Electrical Department
Broken speed bumps causing vehicle damage,Road Maintenance
No real-time bus tracking available,Public Transportation
Water scarcity in summer months,Water Supply
Unattended electric sparks from transformer,Electrical Department
Sewage tankers dumping waste illegally,Sewage
Bus frequency too low during peak hours,Public Transportation
Inconsistent municipal water supply schedule,Water Supply
Leaking septic tanks near houses,Sewage
Water tankers not reaching rural areas,Water Supply
Leaking septic tanks near houses,Sewage
Broken speed bumps causing vehicle damage,Road Maintenance
Pipeline contamination causing health issues,Water Supply
Lack of seating arrangements in parks,Parks and Recreation
Broken tiles in jogging tracks,Parks and Recreation
Illegal vendors encroaching on footpaths,Road Maintenance
Drain covers frequently stolen,Sewage
Foul odor from sewer affecting businesses,Sewage
Need rainwater harvesting implementation,Water Supply
Narrow roads causing frequent accidents,Road Maintenance
Drain covers frequently stolen,Sewage
Neglected greenery in city gardens,Parks and Recreation
Unattended electric sparks from transformer,Electrical Department
Need more cycling tracks in parks,Parks and Recreation
No proper sanitation near street food stalls,Sanitation
Public parks closed too early,Parks and Recreation
Broken speed bumps causing vehicle damage,Road Maintenance
Damaged bridge railing poses danger,Road Maintenance
Drain covers frequently stolen,Sewage
Need additional water storage tanks,Water Supply
Streetlight poles bent dangerously,Electrical Department
Streetlight poles bent dangerously,Electrical Department
More borewells needed in village area,Water Supply
No real-time bus tracking available,Public Transportation
No proper sewage treatment in industrial area,Sewage
Public parks closed too early,Parks and Recreation
Faulty wiring in public washrooms,Electrical Department
Water tankers not reaching rural areas,Water Supply
No proper sewage treatment in industrial area,Sewage
Unfinished roadwork causing traffic congestion,Road Maintenance
Water scarcity in summer months,Water Supply
Water tankers not reaching rural areas,Water Supply
Need more female-only buses,Public Transportation
Need solar-powered lights in villages,Electrical Department
Public parks closed too early,Parks and Recreation
Public toilet doors missing in market,Sanitation
Need more cycling tracks in parks,Parks and Recreation
Drain cleaning not done for months,Sanitation
Need more playgrounds in residential areas,Parks and Recreation
More borewells needed in village area,Water Supply
Vermin infestation near garbage dump,Sanitation
No proper sewage treatment in industrial area,Sewage
Highway barricades placed haphazardly,Road Maintenance
Illegal vendors encroaching on footpaths,Road Maintenance
No real-time bus tracking available,Public Transportation
Unhygienic conditions inside city buses,Public Transportation
Unauthorized electric pole installations,Electrical Department
Unattended electric sparks from transformer,Electrical Department
Need more cycling tracks in parks,Parks and Recreation
Unregulated fares in private transport,Public Transportation
Pipeline repairs causing temporary water cuts,Water Supply
Public park lacks drinking water facility,Parks and Recreation
Water scarcity in summer months,Water Supply
No proper sanitation near street food stalls,Sanitation
Public dustbins not being emptied regularly,Sanitation
Voltage surges damaging household appliances,Electrical Department
Inconsistent municipal water supply schedule,Water Supply
No waste segregation in apartment complex,Sanitation
Pipeline contamination causing health issues,Water Supply
Flyover expansion needed due to traffic,Road Maintenance
Inconsistent municipal water supply schedule,Water Supply
Damaged sculptures in heritage parks,Parks and Recreation
Crowded buses due to lack of fleet,Public Transportation
Public toilet doors missing in market,Sanitation
Railway station lacks proper seating areas,Public Transportation
Leaking septic tanks near houses,Sewage
Pipeline contamination causing health issues,Water Supply
Need additional water storage tanks,Water Supply
Need rainwater harvesting implementation,Water Supply
Flyover expansion needed due to traffic,Road Maintenance
No real-time bus tracking available,Public Transportation
Need rainwater harvesting implementation,Water Supply
Sewage tankers dumping waste illegally,Sewage
Leaking septic tanks near houses,Sewage
Water leakage eroding road surface,Road Maintenance
Public dustbins not being emptied regularly,Sanitation
Pipeline repairs causing temporary water cuts,Water Supply
Need more female-only buses,Public Transportation
Water scarcity in summer months,Water Supply
No proper sanitation near street food stalls,Sanitation
Bus frequency too low during peak hours,Public Transportation
Damaged sculptures in heritage parks,Parks and Recreation
Drain cleaning not done for months,Sanitation
Mosquito breeding due to stagnant garbage,Sanitation
Broken streetlights causing safety concerns,Electrical Department
Need solar-powered lights in villages,Electrical Department
No waste segregation in apartment complex,Sanitation
Flyover expansion needed due to traffic,Road Maintenance
No real-time bus tracking available,Public Transportation
Water scarcity in summer months,Water Supply
Need additional water storage tanks,Water Supply
Need bio-toilets to prevent sewage overflow,Sewage
Need solar-powered lights in villages,Electrical Department
Neglected greenery in city gardens,Parks and Recreation
Drainage system unable to handle monsoon,Sewage
Bus frequency too low during peak hours,Public Transportation
Broken speed bumps causing vehicle damage,Road Maintenance
Public toilet doors missing in market,Sanitation
Inconsistent municipal water supply schedule,Water Supply
Clogged drain creating stagnant water,Sewage
Highway barricades placed haphazardly,Road Maintenance
Water tankers not reaching rural areas,Water Supply
No proper sanitation near street food stalls,Sanitation
Overflowing sewer emitting foul odor,Sanitation
Unattended electric sparks from transformer,Electrical Department
Water leakage eroding road surface,Road Maintenance
Narrow roads causing frequent accidents,Road Maintenance
Damaged bridge railing poses danger,Road Maintenance
Drain cleaning not done for months,Sanitation
Construction work damaging sewage pipes,Sewage
Damaged electric meters need replacement,Electrical Department
Illegal vendors encroaching on footpaths,Road Maintenance
Unauthorized electric pole installations,Electrical Department
Need more female-only buses,Public Transportation
Unregulated fares in private transport,Public Transportation
Broken speed bumps causing vehicle damage,Road Maintenance
Narrow roads causing frequent accidents,Road Maintenance
Unregulated fares in private transport,Public Transportation
Frequent power cuts disrupting businesses,Electrical Department
Need solar-powered lights in villages,Electrical Department
Water leakage eroding road surface,Road Maintenance
Leaking septic tanks near houses,Sewage
Need solar-powered lights in villages,Electrical Department
Need rainwater harvesting implementation,Water Supply
Overflowing sewer emitting foul odor,Sanitation
Need electric buses to reduce pollution,Public Transportation
No waste segregation in apartment complex,Sanitation
Public water taps left running unattended,Water Supply
Dumped medical waste near hospital,Sanitation
Highway barricades placed haphazardly,Road Maintenance
Need electric buses to reduce pollution,Public Transportation
Mosquito breeding due to stagnant garbage,Sanitation
Open sewage line near school,Sewage
No waste segregation in apartment complex,Sanitation
Illegal encroachments inside recreational areas,Parks and Recreation
Drain cleaning not done for months,Sanitation
Public toilet doors missing in market,Sanitation
No pedestrian pathways near shopping malls,Road Maintenance
Pipeline repairs causing temporary water cuts,Water Supply
Abandoned parks attracting illegal activities,Parks and Recreation
Roadside parking reducing bus maneuverability,Public Transportation
Broken speed bumps causing vehicle damage,Road Maintenance
Public park lacks drinking water facility,Parks and Recreation
Need solar-powered lights in villages,Electrical Department
No waste segregation in apartment complex,Sanitation
Water scarcity in summer months,Water Supply
Bus frequency too low during peak hours,Public Transportation
Broken streetlights causing safety concerns,Electrical Department
Damaged bridge railing poses danger,Road Maintenance
Roadside parking reducing bus maneuverability,Public Transportation
Vermin infestation near garbage dump,Sanitation
Mosquito breeding due to stagnant garbage,Sanitation
Public toilet doors missing in market,Sanitation
Pipeline repairs causing temporary water cuts,Water Supply
Water leakage eroding road surface,Road Maintenance
Lack of seating arrangements in parks,Parks and Recreation
Public water taps left running unattended,Water Supply
Drainage system unable to handle monsoon,Sewage
Streetlight poles bent dangerously,Electrical Department
Pavement tiles missing near bus stop,Road Maintenance
Abandoned parks attracting illegal activities,Parks and Recreation
Bus frequency too low during peak hours,Public Transportation
Voltage surges damaging household appliances,Electrical Department
Construction work damaging sewage pipes,Sewage
Drainage system unable to handle monsoon,Sewage
Water tankers not reaching rural areas,Water Supply
Broken tiles in jogging tracks,Parks and Recreation
Unauthorized electric pole installations,Electrical Department
Neglected greenery in city gardens,Parks and Recreation
Lack of seating arrangements in parks,Parks and Recreation
Mosquito breeding due to stagnant garbage,Sanitation
No real-time bus tracking available,Public Transportation
Abandoned parks attracting illegal activities,Parks and Recreation
Unregulated fares in private transport,Public Transportation
Unattended electric sparks from transformer,Electrical Department
Drainage system unable to handle monsoon,Sewage
No proper sewage treatment in industrial area,Sewage
Garbage collection irregular in residential area,Sanitation
Damaged electric meters need replacement,Electrical Department
Need electric buses to reduce pollution,Public Transportation
Need rainwater harvesting implementation,Water Supply
Auto stands need better organization,Public Transportation
Pipeline contamination causing health issues,Water Supply
Unattended electric sparks from transformer,Electrical Department
Pipeline repairs causing temporary water cuts,Water Supply
No proper sewage treatment in industrial area,Sewage
Drain covers frequently stolen,Sewage
Garbage collection irregular in residential area,Sanitation
Drain covers frequently stolen,Sewage
Flyover expansion needed due to traffic,Road Maintenance
Illegal encroachments inside recreational areas,Parks and Recreation
Illegal vendors encroaching on footpaths,Road Maintenance
More borewells needed in village area,Water Supply
Need electric buses to reduce pollution,Public Transportation
No proper sewage treatment in industrial area,Sewage
Pipeline repairs causing temporary water cuts,Water Supply
Highway barricades placed haphazardly,Road Maintenance
Pipeline repairs causing temporary water cuts,Water Supply
Illegal borewells reducing water availability,Water Supply
Broken speed bumps causing vehicle damage,Road Maintenance
No waste segregation in apartment complex,Sanitation
Need solar-powered lights in villages,Electrical Department
Pipeline contamination causing health issues,Water Supply
Illegal borewells reducing water availability,Water Supply
Railway station lacks proper seating areas,Public Transportation
Need rainwater harvesting implementation,Water Supply
Need rainwater harvesting implementation,Water Supply
No pedestrian pathways near shopping malls,Road Maintenance
Power theft causing fluctuations,Electrical Department
Faulty wiring in public washrooms,Electrical Department
No real-time bus tracking available,Public Transportation
Broken tiles in jogging tracks,Parks and Recreation
Unfinished roadwork causing traffic congestion,Road Maintenance
Broken streetlights causing safety concerns,Electrical Department
Foul odor from sewer affecting businesses,Sewage
Frequent power cuts disrupting businesses,Electrical Department
Overflowing sewer emitting foul odor,Sanitation
Water leakage eroding road surface,Road Maintenance
Auto stands need better organization,Public Transportation
No waste segregation in apartment complex,Sanitation
Foul odor from sewer affecting businesses,Sewage
Water scarcity in summer months,Water Supply
Unregulated fares in private transport,Public Transportation
Need electric buses to reduce pollution,Public Transportation
Sewage tankers dumping waste illegally,Sewage
No proper sanitation near street food stalls,Sanitation
Pipeline contamination causing health issues,Water Supply
Public parks closed too early,Parks and Recreation
Dumped medical waste near hospital,Sanitation
Public water taps left running unattended,Water Supply
Unregulated fares in private transport,Public Transportation
Damaged bridge railing poses danger,Road Maintenance
Faulty wiring in public washrooms,Electrical Department
Voltage surges damaging household appliances,Electrical Department
Streetlight poles bent dangerously,Electrical Department
Need rainwater harvesting implementation,Water Supply
Drainage system unable to handle monsoon,Sewage
Unauthorized electric pole installations,Electrical Department
Crowded buses due to lack of fleet,Public Transportation
More borewells needed in village area,Water Supply
Unfinished roadwork causing traffic congestion,Road Maintenance
Highway barricades placed haphazardly,Road Maintenance
Construction work damaging sewage pipes,Sewage
Water leakage eroding road surface,Road Maintenance
Damaged sculptures in heritage parks,Parks and Recreation
Pipeline contamination causing health issues,Water Supply
Neglected greenery in city gardens,Parks and Recreation
Auto stands need better organization,Public Transportation
No proper sewage treatment in industrial area,Sewage
Narrow roads causing frequent accidents,Road Maintenance
Unhygienic conditions inside city buses,Public Transportation
Construction work damaging sewage pipes,Sewage
More borewells needed in village area,Water Supply
Illegal encroachments inside recreational areas,Parks and Recreation
Lack of seating arrangements in parks,Parks and Recreation
Illegal borewells reducing water availability,Water Supply
Illegal vendors encroaching on footpaths,Road Maintenance
Pavement tiles missing near bus stop,Road Maintenance
Frequent power cuts disrupting businesses,Electrical Department
Public park lacks drinking water facility,Parks and Recreation
Need additional water storage tanks,Water Supply
Damaged sculptures in heritage parks,Parks and Recreation
Auto stands need better organization,Public Transportation
No waste segregation in apartment complex,Sanitation
Need bio-toilets to prevent sewage overflow,Sewage
Highway barricades placed haphazardly,Road Maintenance
Need additional water storage tanks,Water Supply
Inconsistent municipal water supply schedule,Water Supply
Drainage system unable to handle monsoon,Sewage
No real-time bus tracking available,Public Transportation
More borewells needed in village area,Water Supply
Lack of seating arrangements in parks,Parks and Recreation
Sewage tankers dumping waste illegally,Sewage
Illegal encroachments inside recreational areas,Parks and Recreation
Sewage tankers dumping waste illegally,Sewage
Unhygienic conditions inside city buses,Public Transportation
Auto stands need better organization,Public Transportation
Pipeline contamination causing health issues,Water Supply
No proper sewage treatment in industrial area,Sewage
Unregulated fares in private transport,Public Transportation
Lack of seating arrangements in parks,Parks and Recreation
Frequent power cuts disrupting businesses,Electrical Department
Need electric buses to reduce pollution,Public Transportation
Public water taps left running unattended,Water Supply
Damaged bridge railing poses danger,Road Maintenance
Inconsistent municipal water supply schedule,Water Supply
Damaged sculptures in heritage parks,Parks and Recreation
Sewage tankers dumping waste illegally,Sewage
Damaged electric meters need replacement,Electrical Department
Pipeline repairs causing temporary water cuts,Water Supply
Need solar-powered lights in villages,Electrical Department
Frequent power cuts disrupting businesses,Electrical Department
Roadside parking reducing bus maneuverability,Public Transportation
Garbage collection irregular in residential area,Sanitation
Need rainwater harvesting implementation,Water Supply
Auto stands need better organization,Public Transportation
Drain cleaning not done for months,Sanitation
No pedestrian pathways near shopping malls,Road Maintenance
Railway station lacks proper seating areas,Public Transportation
Clogged drain creating stagnant water,Sewage
Mosquito breeding due to stagnant garbage,Sanitation
Open sewage line near school,Sewage
No proper sewage treatment in industrial area,Sewage
Foul odor from sewer affecting businesses,Sewage
Damaged bridge railing poses danger,Road Maintenance
Unauthorized electric pole installations,Electrical Department
Broken tiles in jogging tracks,Parks and Recreation
Open sewage line near school,Sewage
No waste segregation in apartment complex,Sanitation
Faulty wiring in public washrooms,Electrical Department
Overflowing sewer emitting foul odor,Sanitation
Public parks closed too early,Parks and Recreation
Faulty wiring in public washrooms,Electrical Department
Abandoned parks attracting illegal activities,Parks and Recreation
Unattended electric sparks from transformer,Electrical Department
Pavement tiles missing near bus stop,Road Maintenance
No waste segregation in apartment complex,Sanitation
Roadside parking reducing bus maneuverability,Public Transportation
Overflowing sewer emitting foul odor,Sanitation
Broken speed bumps causing vehicle damage,Road Maintenance
Lack of seating arrangements in parks,Parks and Recreation
Unregulated fares in private transport,Public Transportation
Drain covers frequently stolen,Sewage
Vermin infestation near garbage dump,Sanitation
Illegal vendors encroaching on footpaths,Road Maintenance
Leaking septic tanks near houses,Sewage
Unauthorized electric pole installations,Electrical Department
Unfinished roadwork causing traffic congestion,Road Maintenance
Water leakage eroding road surface,Road Maintenance
Water tankers not reaching rural areas,Water Supply
Unhygienic conditions inside city buses,Public Transportation
Unattended electric sparks from transformer,Electrical Department
Damaged sculptures in heritage parks,Parks and Recreation
No proper sanitation near street food stalls,Sanitation
Need more playgrounds in residential areas,Parks and Recreation
Unhygienic conditions inside city buses,Public Transportation
Damaged electric meters need replacement,Electrical Department
Need rainwater harvesting implementation,Water Supply
Unregulated fares in private transport,Public Transportation
Unauthorized electric pole installations,Electrical Department
No proper sewage treatment in industrial area,Sewage
Water tankers not reaching rural areas,Water Supply
Garbage collection irregular in residential area,Sanitation
Voltage surges damaging household appliances,Electrical Department
Illegal vendors encroaching on footpaths,Road Maintenance
Damaged sculptures in heritage parks,Parks and Recreation
Frequent power cuts disrupting businesses,Electrical Department
Public toilet doors missing in market,Sanitation
Pipeline repairs causing temporary water cuts,Water Supply
Damaged electric meters need replacement,Electrical Department
More borewells needed in village area,Water Supply
Power theft causing fluctuations,Electrical Department
No waste segregation in apartment complex,Sanitation
Drain cleaning not done for months,Sanitation
Water scarcity in summer months,Water Supply
Pavement tiles missing near bus stop,Road Maintenance
Public water taps left running unattended,Water Supply
Public parks closed too early,Parks and Recreation
Mosquito breeding due to stagnant garbage,Sanitation
Foul odor from sewer affecting businesses,Sewage
Drain covers frequently stolen,Sewage
Need additional water storage tanks,Water Supply
Foul odor from sewer affecting businesses,Sewage
Flyover expansion needed due to traffic,Road Maintenance
Voltage surges damaging household appliances,Electrical Department
Abandoned parks attracting illegal activities,Parks and Recreation
Open sewage line near school,Sewage
Drain cleaning not done for months,Sanitation
Clogged drain creating stagnant water,Sewage
Railway station lacks proper seating areas,Public Transportation
Need more playgrounds in residential areas,Parks and Recreation
Unhygienic conditions inside city buses,Public Transportation
Damaged bridge railing poses danger,Road Maintenance
Voltage surges damaging household appliances,Electrical Department
Broken speed bumps causing vehicle damage,Road Maintenance
Unattended electric sparks from transformer,Electrical Department
Drain cleaning not done for months,Sanitation
Broken streetlights causing safety concerns,Electrical Department
Drain cleaning not done for months,Sanitation
Overflowing sewer emitting foul odor,Sanitation
Broken streetlights causing safety concerns,Electrical Department
No proper sewage treatment in industrial area,Sewage
Dumped medical waste near hospital,Sanitation
Inconsistent municipal water supply schedule,Water Supply
Illegal borewells reducing water availability,Water Supply
Frequent power cuts disrupting businesses,Electrical Department
Illegal encroachments inside recreational areas,Parks and Recreation
Unregulated fares in private transport,Public Transportation
Damaged sculptures in heritage parks,Parks and Recreation
Narrow roads causing frequent accidents,Road Maintenance
Unattended electric sparks from transformer,Electrical Department
Public water taps left running unattended,Water Supply
Overflowing sewer emitting foul odor,Sanitation
Public dustbins not being emptied regularly,Sanitation
Damaged bridge railing poses danger,Road Maintenance
Damaged sculptures in heritage parks,Parks and Recreation
Dumped medical waste near hospital,Sanitation
Unhygienic conditions inside city buses,Public Transportation
No real-time bus tracking available,Public Transportation
More borewells needed in village area,Water Supply
Need electric buses to reduce pollution,Public Transportation
Need more cycling tracks in parks,Parks and Recreation
Mosquito breeding due to stagnant garbage,Sanitation
Pipeline contamination causing health issues,Water Supply
Public parks closed too early,Parks and Recreation
No real-time bus tracking available,Public Transportation
Dumped medical waste near hospital,Sanitation
Sewage tankers dumping waste illegally,Sewage
Unauthorized electric pole installations,Electrical Department
Drainage system unable to handle monsoon,Sewage
Pipeline repairs causing temporary water cuts,Water Supply
Auto stands need better organization,Public Transportation
Frequent power cuts disrupting businesses,Electrical Department
Water leakage eroding road surface,Road Maintenance
Lack of seating arrangements in parks,Parks and Recreation
Drain cleaning not done for months,Sanitation
Need more playgrounds in residential areas,Parks and Recreation
Illegal vendors encroaching on footpaths,Road Maintenance
Crowded buses due to lack of fleet,Public Transportation
Illegal borewells reducing water availability,Water Supply
Auto stands need better organization,Public Transportation
Railway station lacks proper seating areas,Public Transportation
Pavement tiles missing near bus stop,Road Maintenance
No real-time bus tracking available,Public Transportation
Water leakage eroding road surface,Road Maintenance
Voltage surges damaging household appliances,Electrical Department
Pipeline repairs causing temporary water cuts,Water Supply
Faulty wiring in public washrooms,Electrical Department
Need additional water storage tanks,Water Supply
Illegal encroachments inside recreational areas,Parks and Recreation
More borewells needed in village area,Water Supply
Pipeline repairs causing temporary water cuts,Water Supply
Broken speed bumps causing vehicle damage,Road Maintenance
Pipeline contamination causing health issues,Water Supply
Faulty wiring in public washrooms,Electrical Department
Water leakage eroding road surface,Road Maintenance
More borewells needed in village area,Water Supply
Need solar-powered lights in villages,Electrical Department
Voltage surges damaging household appliances,Electrical Department
Need additional water storage tanks,Water Supply
Bus frequency too low during peak hours,Public Transportation
Need electric buses to reduce pollution,Public Transportation
Broken streetlights causing safety concerns,Electrical Department
Bus frequency too low during peak hours,Public Transportation
Leaking septic tanks near houses,Sewage
Damaged sculptures in heritage parks,Parks and Recreation
Clogged drain creating stagnant water,Sewage
Illegal encroachments inside recreational areas,Parks and Recreation
Unhygienic conditions inside city buses,Public Transportation
Unauthorized electric pole installations,Electrical Department
More borewells needed in village area,Water Supply
Neglected greenery in city gardens,Parks and Recreation
Highway barricades placed haphazardly,Road Maintenance
Bus frequency too low during peak hours,Public Transportation
Vermin infestation near garbage dump,Sanitation
Sewage tankers dumping waste illegally,Sewage
Clogged drain creating stagnant water,Sewage
Streetlight poles bent dangerously,Electrical Department
Drainage system unable to handle monsoon,Sewage
Water scarcity in summer months,Water Supply
Narrow roads causing frequent accidents,Road Maintenance
No proper sewage treatment in industrial area,Sewage
Unhygienic conditions inside city buses,Public Transportation
Damaged electric meters need replacement,Electrical Department
Vermin infestation near garbage dump,Sanitation
Crowded buses due to lack of fleet,Public Transportation
Illegal vendors encroaching on footpaths,Road Maintenance
Foul odor from sewer affecting businesses,Sewage
Damaged bridge railing poses danger,Road Maintenance
Leaking septic tanks near houses,Sewage
Construction work damaging sewage pipes,Sewage
Illegal vendors encroaching on footpaths,Road Maintenance
Pipeline repairs causing temporary water cuts,Water Supply
Damaged sculptures in heritage parks,Parks and Recreation
Voltage surges damaging household appliances,Electrical Department
Unhygienic conditions inside city buses,Public Transportation
Damaged bridge railing poses danger,Road Maintenance
Drainage system unable to handle monsoon,Sewage
Water leakage eroding road surface,Road Maintenance
Dumped medical waste near hospital,Sanitation
Need electric buses to reduce pollution,Public Transportation
Lack of seating arrangements in parks,Parks and Recreation
Neglected greenery in city gardens,Parks and Recreation
Inconsistent municipal water supply schedule,Water Supply
Auto stands need better organization,Public Transportation
Voltage surges damaging household appliances,Electrical Department
Crowded buses due to lack of fleet,Public Transportation
No proper sanitation near street food stalls,Sanitation
Overflowing sewer emitting foul odor,Sanitation
Faulty wiring in public washrooms,Electrical Department
Public water taps left running unattended,Water Supply
Auto stands need better organization,Public Transportation
Unhygienic conditions inside city buses,Public Transportation
Damaged electric meters need replacement,Electrical Department
Leaking septic tanks near houses,Sewage
Unattended electric sparks from transformer,Electrical Department
Dumped medical waste near hospital,Sanitation
Bus frequency too low during peak hours,Public Transportation
Broken tiles in jogging tracks,Parks and Recreation
Voltage surges damaging household appliances,Electrical Department
Need electric buses to reduce pollution,Public Transportation
Streetlight poles bent dangerously,Electrical Department
Leaking septic tanks near houses,Sewage
Illegal encroachments inside recreational areas,Parks and Recreation
Unregulated fares in private transport,Public Transportation
Pavement tiles missing near bus stop,Road Maintenance
Foul odor from sewer affecting businesses,Sewage
Water tankers not reaching rural areas,Water Supply
Highway barricades placed haphazardly,Road Maintenance
Pipeline repairs causing temporary water cuts,Water Supply
Unhygienic conditions inside city buses,Public Transportation
No proper sanitation near street food stalls,Sanitation
Need more cycling tracks in parks,Parks and Recreation
Leaking septic tanks near houses,Sewage
Water scarcity in summer months,Water Supply
Damaged electric meters need replacement,Electrical Department
Unfinished roadwork causing traffic congestion,Road Maintenance
Mosquito breeding due to stagnant garbage,Sanitation
Auto stands need better organization,Public Transportation
Illegal vendors encroaching on footpaths,Road Maintenance
Leaking septic tanks near houses,Sewage
Pipeline contamination causing health issues,Water Supply
Garbage collection irregular in residential area,Sanitation
Water scarcity in summer months,Water Supply
Need electric buses to reduce pollution,Public Transportation
Inconsistent municipal water supply schedule,Water Supply
Inconsistent municipal water supply schedule,Water Supply
Illegal encroachments inside recreational areas,Parks and Recreation
Mosquito breeding due to stagnant garbage,Sanitation
Illegal borewells reducing water availability,Water Supply
Need more cycling tracks in parks,Parks and Recreation
Flyover expansion needed due to traffic,Road Maintenance
Illegal borewells reducing water availability,Water Supply
Unfinished roadwork causing traffic congestion,Road Maintenance
Sewage tankers dumping waste illegally,Sewage
Drain cleaning not done for months,Sanitation
Mosquito breeding due to stagnant garbage,Sanitation
Illegal borewells reducing water availability,Water Supply
Broken streetlights causing safety concerns,Electrical Department
Need rainwater harvesting implementation,Water Supply
Need rainwater harvesting implementation,Water Supply
Foul odor from sewer affecting businesses,Sewage
Unhygienic conditions inside city buses,Public Transportation
No proper sanitation near street food stalls,Sanitation
Damaged electric meters need replacement,Electrical Department
Damaged bridge railing poses danger,Road Maintenance
Damaged bridge railing poses danger,Road Maintenance
More borewells needed in village area,Water Supply
No waste segregation in apartment complex,Sanitation
Need more female-only buses,Public Transportation
Neglected greenery in city gardens,Parks and Recreation
Pipeline contamination causing health issues,Water Supply
Voltage surges damaging household appliances,Electrical Department
Open sewage line near school,Sewage
Highway barricades placed haphazardly,Road Maintenance
Mosquito breeding due to stagnant garbage,Sanitation
Faulty wiring in public washrooms,Electrical Department
Mosquito breeding due to stagnant garbage,Sanitation
Open sewage line near school,Sewage
Public dustbins not being emptied regularly,Sanitation
Illegal vendors encroaching on footpaths,Road Maintenance
Unhygienic conditions inside city buses,Public Transportation
Pipeline repairs causing temporary water cuts,Water Supply
Broken speed bumps causing vehicle damage,Road Maintenance
Need additional water storage tanks,Water Supply
Overflowing sewer emitting foul odor,Sanitation
Water tankers not reaching rural areas,Water Supply
Power theft causing fluctuations,Electrical Department
Need more playgrounds in residential areas,Parks and Recreation
Streetlight poles bent dangerously,Electrical Department
Illegal vendors encroaching on footpaths,Road Maintenance
Need additional water storage tanks,Water Supply
Public parks closed too early,Parks and Recreation
Drain covers frequently stolen,Sewage
Water scarcity in summer months,Water Supply
Need more female-only buses,Public Transportation
Abandoned parks attracting illegal activities,Parks and Recreation
Drain covers frequently stolen,Sewage
Need more female-only buses,Public Transportation
Neglected greenery in city gardens,Parks and Recreation
Crowded buses due to lack of fleet,Public Transportation
Faulty wiring in public washrooms,Electrical Department
Water scarcity in summer months,Water Supply
More borewells needed in village area,Water Supply
Neglected greenery in city gardens,Parks and Recreation
Need more cycling tracks in parks,Parks and Recreation
Voltage surges damaging household appliances,Electrical Department
Need additional water storage tanks,Water Supply
Bus frequency too low during peak hours,Public Transportation
Need rainwater harvesting implementation,Water Supply
Leaking septic tanks near houses,Sewage
Roadside parking reducing bus maneuverability,Public Transportation
More borewells needed in village area,Water Supply
Damaged bridge railing poses danger,Road Maintenance
Neglected greenery in city gardens,Parks and Recreation
Damaged electric meters need replacement,Electrical Department
Illegal vendors encroaching on footpaths,Road Maintenance
Auto stands need better organization,Public Transportation
Roadside parking reducing bus maneuverability,Public Transportation
Narrow roads causing frequent accidents,Road Maintenance
Need more playgrounds in residential areas,Parks and Recreation
Need more cycling tracks in parks,Parks and Recreation
Drainage system unable to handle monsoon,Sewage
Mosquito breeding due to stagnant garbage,Sanitation
Construction work damaging sewage pipes,Sewage
Need bio-toilets to prevent sewage overflow,Sewage
Vermin infestation near garbage dump,Sanitation
Lack of seating arrangements in parks,Parks and Recreation
Unauthorized electric pole installations,Electrical Department
Unhygienic conditions inside city buses,Public Transportation
Illegal encroachments inside recreational areas,Parks and Recreation
Narrow roads causing frequent accidents,Road Maintenance
Illegal borewells reducing water availability,Water Supply
Water tankers not reaching rural areas,Water Supply
Clogged drain creating stagnant water,Sewage
No real-time bus tracking available,Public Transportation
Drainage system unable to handle monsoon,Sewage
